"","country","iso3","year","pop_total","pop_rural","pop_urban"
"1","Antigua and Barbuda","ATG",2015,"93571","70178","23393"
"2","Antigua and Barbuda","ATG",2016,"94520","71036","23484"
"3","Antigua and Barbuda","ATG",2017,"95425","71843","23582"
"4","Antigua and Barbuda","ATG",2018,"96282","72598","23684"
"5","Antigua and Barbuda","ATG",2019,"97115","73316","23799"
"6","Antigua and Barbuda","ATG",2020,"97928","74001","23927"
"7","Antigua and Barbuda","ATG",2021,"98728","74658","24070"
"8","Antigua and Barbuda","ATG",2022,"100000","75000","24000"
"9","Antigua and Barbuda","ATG",2023,"100000","76000","24000"
"10","Antigua and Barbuda","ATG",2024,"101000","76000","25000"
"11","Antigua and Barbuda","ATG",2025,"102000","77000","25000"
"12","Antigua and Barbuda","ATG",2026,"102000","77000","25000"
"13","Antigua and Barbuda","ATG",2027,"103000","78000","25000"
"14","Antigua and Barbuda","ATG",2028,"104000","78000","25000"
"15","Antigua and Barbuda","ATG",2029,"104000","79000","26000"
"16","Antigua and Barbuda","ATG",2030,"105000","79000","26000"
"17","Argentina","ARG",2015,"43131966","3664923","39467043"
"18","Argentina","ARG",2016,"43590368","3649822","39940546"
"19","Argentina","ARG",2017,"44044811","3634137","40410674"
"20","Argentina","ARG",2018,"44494502","3617403","40877099"
"21","Argentina","ARG",2019,"44938712","3599141","41339571"
"22","Argentina","ARG",2020,"45376763","3579773","41796990"
"23","Argentina","ARG",2021,"45808747","3559798","42248949"
"24","Argentina","ARG",2022,"46210000","3536000","42674000"
"25","Argentina","ARG",2023,"46607000","3513000","43094000"
"26","Argentina","ARG",2024,"47000000","3488000","43512000"
"27","Argentina","ARG",2025,"47387000","3463000","43924000"
"28","Argentina","ARG",2026,"47769000","3436000","44332000"
"29","Argentina","ARG",2027,"48145000","3409000","44736000"
"30","Argentina","ARG",2028,"48515000","3382000","45134000"
"31","Argentina","ARG",2029,"48879000","3353000","45526000"
"32","Argentina","ARG",2030,"49237000","3324000","45913000"
"33","Aruba","ABW",2015,"104339","59361","44978"
"34","Aruba","ABW",2016,"104865","59572","45293"
"35","Aruba","ABW",2017,"105361","59747","45614"
"36","Aruba","ABW",2018,"105846","59897","45949"
"37","Aruba","ABW",2019,"106310","60016","46294"
"38","Aruba","ABW",2020,"106766","60112","46654"
"39","Aruba","ABW",2021,"107195","60173","47022"
"40","Aruba","ABW",2022,"108000","60000","47000"
"41","Aruba","ABW",2023,"108000","60000","48000"
"42","Aruba","ABW",2024,"108000","60000","48000"
"43","Aruba","ABW",2025,"109000","60000","49000"
"44","Aruba","ABW",2026,"109000","60000","49000"
"45","Aruba","ABW",2027,"109000","60000","49000"
"46","Aruba","ABW",2028,"110000","60000","50000"
"47","Aruba","ABW",2029,"110000","60000","50000"
"48","Aruba","ABW",2030,"110000","59000","51000"
"49","Bahamas, The","BHS",2015,"374200","64564","309636"
"50","Bahamas, The","BHS",2016,"377923","64882","313041"
"51","Bahamas, The","BHS",2017,"381749","65184","316565"
"52","Bahamas, The","BHS",2018,"385635","65462","320173"
"53","Bahamas, The","BHS",2019,"389486","65698","323788"
"54","Bahamas, The","BHS",2020,"393248","65889","327359"
"55","Bahamas, The","BHS",2021,"396914","66027","330887"
"56","Bahamas, The","BHS",2022,"401000","66000","334000"
"57","Bahamas, The","BHS",2023,"404000","66000","338000"
"58","Bahamas, The","BHS",2024,"408000","66000","341000"
"59","Bahamas, The","BHS",2025,"411000","66000","345000"
"60","Bahamas, The","BHS",2026,"414000","66000","348000"
"61","Bahamas, The","BHS",2027,"418000","66000","352000"
"62","Bahamas, The","BHS",2028,"421000","66000","355000"
"63","Bahamas, The","BHS",2029,"424000","65000","358000"
"64","Bahamas, The","BHS",2030,"427000","65000","362000"
"65","Barbados","BRB",2015,"285327","196165","89162"
"66","Barbados","BRB",2016,"285798","196649","89149"
"67","Barbados","BRB",2017,"286229","197043","89186"
"68","Barbados","BRB",2018,"286640","197360","89280"
"69","Barbados","BRB",2019,"287021","197591","89430"
"70","Barbados","BRB",2020,"287371","197737","89634"
"71","Barbados","BRB",2021,"287708","197811","89897"
"72","Barbados","BRB",2022,"288000","198000","90000"
"73","Barbados","BRB",2023,"288000","198000","91000"
"74","Barbados","BRB",2024,"289000","198000","91000"
"75","Barbados","BRB",2025,"289000","197000","92000"
"76","Barbados","BRB",2026,"289000","197000","92000"
"77","Barbados","BRB",2027,"289000","196000","93000"
"78","Barbados","BRB",2028,"289000","196000","93000"
"79","Barbados","BRB",2029,"289000","195000","94000"
"80","Barbados","BRB",2030,"289000","195000","95000"
"81","Belize","BLZ",2015,"360926","197044","163882"
"82","Belize","BLZ",2016,"368399","200796","167603"
"83","Belize","BLZ",2017,"375775","204418","171357"
"84","Belize","BLZ",2018,"383071","207916","175155"
"85","Belize","BLZ",2019,"390351","211313","179038"
"86","Belize","BLZ",2020,"397621","214616","183005"
"87","Belize","BLZ",2021,"404915","217840","187075"
"88","Belize","BLZ",2022,"412000","221000","191000"
"89","Belize","BLZ",2023,"419000","224000","195000"
"90","Belize","BLZ",2024,"427000","227000","200000"
"91","Belize","BLZ",2025,"434000","230000","204000"
"92","Belize","BLZ",2026,"441000","232000","209000"
"93","Belize","BLZ",2027,"448000","234000","213000"
"94","Belize","BLZ",2028,"454000","237000","218000"
"95","Belize","BLZ",2029,"461000","239000","222000"
"96","Belize","BLZ",2030,"468000","240000","227000"
"97","Bolivia","BOL",2015,"10869732","3435596","7434136"
"98","Bolivia","BOL",2016,"11031822","3448768","7583054"
"99","Bolivia","BOL",2017,"11192853","3460830","7732023"
"100","Bolivia","BOL",2018,"11353140","3471223","7881917"
"101","Bolivia","BOL",2019,"11513102","3480065","8033037"
"102","Bolivia","BOL",2020,"11673029","3487551","8185478"
"103","Bolivia","BOL",2021,"11832936","3493674","8339262"
"104","Bolivia","BOL",2022,"11993000","3498000","8494000"
"105","Bolivia","BOL",2023,"12152000","3501000","8651000"
"106","Bolivia","BOL",2024,"12311000","3503000","8808000"
"107","Bolivia","BOL",2025,"12468000","3503000","8965000"
"108","Bolivia","BOL",2026,"12625000","3502000","9124000"
"109","Bolivia","BOL",2027,"12781000","3498000","9283000"
"110","Bolivia","BOL",2028,"12936000","3494000","9442000"
"111","Bolivia","BOL",2029,"13089000","3487000","9601000"
"112","Bolivia","BOL",2030,"13240000","3479000","9761000"
"113","Brazil","BRA",2015,"204471759","29096331","175375428"
"114","Brazil","BRA",2016,"206163056","28776239","177386817"
"115","Brazil","BRA",2017,"207833825","28454529","179379296"
"116","Brazil","BRA",2018,"209469320","28133824","181335496"
"117","Brazil","BRA",2019,"211049519","27807885","183241634"
"118","Brazil","BRA",2020,"212559409","27477555","185081854"
"119","Brazil","BRA",2021,"213993441","27140788","186852653"
"120","Brazil","BRA",2022,"215354000","26801000","188553000"
"121","Brazil","BRA",2023,"216642000","26456000","190186000"
"122","Brazil","BRA",2024,"217863000","26109000","191754000"
"123","Brazil","BRA",2025,"219021000","25761000","193260000"
"124","Brazil","BRA",2026,"220115000","25410000","194705000"
"125","Brazil","BRA",2027,"221143000","25058000","196085000"
"126","Brazil","BRA",2028,"222107000","24707000","197400000"
"127","Brazil","BRA",2029,"223009000","24355000","198655000"
"128","Brazil","BRA",2030,"223852000","24001000","199851000"
"129","British Virgin Islands","VGB",2015,"29148","15570","13578"
"130","British Virgin Islands","VGB",2016,"29355","15571","13784"
"131","British Virgin Islands","VGB",2017,"29567","15571","13996"
"132","British Virgin Islands","VGB",2018,"29795","15576","14219"
"133","British Virgin Islands","VGB",2019,"30033","15582","14451"
"134","British Virgin Islands","VGB",2020,"30237","15568","14669"
"135","British Virgin Islands","VGB",2021,"30423","15540","14883"
"136","British Virgin Islands","VGB",2022,"31000","16000","15000"
"137","British Virgin Islands","VGB",2023,"31000","15000","15000"
"138","British Virgin Islands","VGB",2024,"31000","15000","16000"
"139","British Virgin Islands","VGB",2025,"31000","15000","16000"
"140","British Virgin Islands","VGB",2026,"31000","15000","16000"
"141","British Virgin Islands","VGB",2027,"31000","15000","16000"
"142","British Virgin Islands","VGB",2028,"32000","15000","16000"
"143","British Virgin Islands","VGB",2029,"32000","15000","17000"
"144","British Virgin Islands","VGB",2030,"32000","15000","17000"
"145","Cayman Islands","CYM",2015,"61721","0","61721"
"146","Cayman Islands","CYM",2016,"62564","0","62564"
"147","Cayman Islands","CYM",2017,"63382","0","63382"
"148","Cayman Islands","CYM",2018,"64172","0","64172"
"149","Cayman Islands","CYM",2019,"64948","0","64948"
"150","Cayman Islands","CYM",2020,"65720","0","65720"
"151","Cayman Islands","CYM",2021,"66498","0","66498"
"152","Cayman Islands","CYM",2022,"67000","0","67000"
"153","Cayman Islands","CYM",2023,"68000","0","68000"
"154","Cayman Islands","CYM",2024,"69000","0","69000"
"155","Cayman Islands","CYM",2025,"70000","0","70000"
"156","Cayman Islands","CYM",2026,"70000","0","70000"
"157","Cayman Islands","CYM",2027,"71000","0","71000"
"158","Cayman Islands","CYM",2028,"72000","0","72000"
"159","Cayman Islands","CYM",2029,"73000","0","73000"
"160","Cayman Islands","CYM",2030,"73000","0","73000"
"161","Chile","CHL",2015,"17969356","2271327","15698029"
"162","Chile","CHL",2016,"18209072","2290337","15918735"
"163","Chile","CHL",2017,"18470435","2310651","16159784"
"164","Chile","CHL",2018,"18729166","2329159","16400007"
"165","Chile","CHL",2019,"18952035","2341903","16610132"
"166","Chile","CHL",2020,"19116209","2346132","16770077"
"167","Chile","CHL",2021,"19212362","2340642","16871720"
"168","Chile","CHL",2022,"19250000","2327000","16923000"
"169","Chile","CHL",2023,"19249000","2308000","16942000"
"170","Chile","CHL",2024,"19239000","2286000","16953000"
"171","Chile","CHL",2025,"19241000","2265000","16976000"
"172","Chile","CHL",2026,"19260000","2246000","17015000"
"173","Chile","CHL",2027,"19293000","2227000","17066000"
"174","Chile","CHL",2028,"19338000","2208000","17130000"
"175","Chile","CHL",2029,"19394000","2190000","17204000"
"176","Chile","CHL",2030,"19458000","2172000","17286000"
"177","Colombia","COL",2015,"47520667","9616282","37904385"
"178","Colombia","COL",2016,"48175048","9582981","38592067"
"179","Colombia","COL",2017,"48909844","9563831","39346013"
"180","Colombia","COL",2018,"49661056","9545848","40115208"
"181","Colombia","COL",2019,"50339443","9512141","40827302"
"182","Colombia","COL",2020,"50882884","9451496","41431388"
"183","Colombia","COL",2021,"51265841","9361143","41904698"
"184","Colombia","COL",2022,"51513000","9247000","42266000"
"185","Colombia","COL",2023,"51673000","9118000","42555000"
"186","Colombia","COL",2024,"51820000","8990000","42830000"
"187","Colombia","COL",2025,"52007000","8870000","43137000"
"188","Colombia","COL",2026,"52249000","8761000","43488000"
"189","Colombia","COL",2027,"52530000","8660000","43870000"
"190","Colombia","COL",2028,"52835000","8565000","44270000"
"191","Colombia","COL",2029,"53136000","8470000","44666000"
"192","Colombia","COL",2030,"53417000","8374000","45043000"
"193","Costa Rica","CRI",2015,"4847805","1121685","3726120"
"194","Costa Rica","CRI",2016,"4899336","1090837","3808499"
"195","Costa Rica","CRI",2017,"4949955","1061270","3888685"
"196","Costa Rica","CRI",2018,"4999443","1032885","3966558"
"197","Costa Rica","CRI",2019,"5047561","1005676","4041885"
"198","Costa Rica","CRI",2020,"5094114","979547","4114567"
"199","Costa Rica","CRI",2021,"5139053","954579","4184474"
"200","Costa Rica","CRI",2022,"5182000","931000","4252000"
"201","Costa Rica","CRI",2023,"5224000","908000","4316000"
"202","Costa Rica","CRI",2024,"5264000","886000","4378000"
"203","Costa Rica","CRI",2025,"5302000","865000","4437000"
"204","Costa Rica","CRI",2026,"5339000","846000","4493000"
"205","Costa Rica","CRI",2027,"5373000","827000","4546000"
"206","Costa Rica","CRI",2028,"5406000","809000","4597000"
"207","Costa Rica","CRI",2029,"5438000","793000","4645000"
"208","Costa Rica","CRI",2030,"5468000","777000","4691000"
"209","Cuba","CUB",2015,"11324777","2616476","8708301"
"210","Cuba","CUB",2015,"11324777","2616476","8708301"
"211","Cuba","CUB",2015,"11324777","2616476","8708301"
"212","Cuba","CUB",2016,"11335108","2615009","8720099"
"213","Cuba","CUB",2016,"11335108","2615009","8720099"
"214","Cuba","CUB",2016,"11335108","2615009","8720099"
"215","Cuba","CUB",2017,"11339255","2610637","8728618"
"216","Cuba","CUB",2017,"11339255","2610637","8728618"
"217","Cuba","CUB",2017,"11339255","2610637","8728618"
"218","Cuba","CUB",2018,"11338146","2603578","8734568"
"219","Cuba","CUB",2018,"11338146","2603578","8734568"
"220","Cuba","CUB",2018,"11338146","2603578","8734568"
"221","Cuba","CUB",2019,"11333484","2594348","8739136"
"222","Cuba","CUB",2019,"11333484","2594348","8739136"
"223","Cuba","CUB",2019,"11333484","2594348","8739136"
"224","Cuba","CUB",2020,"11326616","2583148","8743468"
"225","Cuba","CUB",2020,"11326616","2583148","8743468"
"226","Cuba","CUB",2020,"11326616","2583148","8743468"
"227","Cuba","CUB",2021,"11317498","2569977","8747521"
"228","Cuba","CUB",2021,"11317498","2569977","8747521"
"229","Cuba","CUB",2021,"11317498","2569977","8747521"
"230","Cuba","CUB",2022,"11306000","2555000","8751000"
"231","Cuba","CUB",2022,"11306000","2555000","8751000"
"232","Cuba","CUB",2022,"11306000","2555000","8751000"
"233","Cuba","CUB",2023,"11291000","2538000","8753000"
"234","Cuba","CUB",2023,"11291000","2538000","8753000"
"235","Cuba","CUB",2023,"11291000","2538000","8753000"
"236","Cuba","CUB",2024,"11275000","2519000","8756000"
"237","Cuba","CUB",2024,"11275000","2519000","8756000"
"238","Cuba","CUB",2024,"11275000","2519000","8756000"
"239","Cuba","CUB",2025,"11257000","2499000","8758000"
"240","Cuba","CUB",2025,"11257000","2499000","8758000"
"241","Cuba","CUB",2025,"11257000","2499000","8758000"
"242","Cuba","CUB",2026,"11237000","2477000","8761000"
"243","Cuba","CUB",2026,"11237000","2477000","8761000"
"244","Cuba","CUB",2026,"11237000","2477000","8761000"
"245","Cuba","CUB",2027,"11216000","2453000","8763000"
"246","Cuba","CUB",2027,"11216000","2453000","8763000"
"247","Cuba","CUB",2027,"11216000","2453000","8763000"
"248","Cuba","CUB",2028,"11193000","2428000","8765000"
"249","Cuba","CUB",2028,"11193000","2428000","8765000"
"250","Cuba","CUB",2028,"11193000","2428000","8765000"
"251","Cuba","CUB",2029,"11169000","2401000","8768000"
"252","Cuba","CUB",2029,"11169000","2401000","8768000"
"253","Cuba","CUB",2029,"11169000","2401000","8768000"
"254","Cuba","CUB",2030,"11142000","2373000","8769000"
"255","Cuba","CUB",2030,"11142000","2373000","8769000"
"256","Cuba","CUB",2030,"11142000","2373000","8769000"
"257","Curacao","CUW",2015,"157980","16822","141158"
"258","Curacao","CUW",2016,"159664","17129","142535"
"259","Curacao","CUW",2017,"160175","17294","142881"
"260","Curacao","CUW",2018,"159336","17296","142040"
"261","Curacao","CUW",2019,"157441","17164","140277"
"262","Curacao","CUW",2020,"154947","16948","137999"
"263","Curacao","CUW",2021,"152369","16703","135666"
"264","Curacao","CUW",2022,"153000","17000","136000"
"265","Curacao","CUW",2023,"154000","17000","137000"
"266","Curacao","CUW",2024,"154000","17000","137000"
"267","Curacao","CUW",2025,"155000","17000","138000"
"268","Curacao","CUW",2026,"156000","17000","139000"
"269","Curacao","CUW",2027,"156000","17000","139000"
"270","Curacao","CUW",2028,"157000","17000","140000"
"271","Curacao","CUW",2029,"157000","17000","140000"
"272","Curacao","CUW",2030,"158000","17000","141000"
"273","Dominica","DMA",2015,"71175","21652","49523"
"274","Dominica","DMA",2016,"71307","21478","49829"
"275","Dominica","DMA",2017,"71460","21309","50151"
"276","Dominica","DMA",2018,"71626","21142","50484"
"277","Dominica","DMA",2019,"71808","20978","50830"
"278","Dominica","DMA",2020,"71991","20813","51178"
"279","Dominica","DMA",2021,"72172","20645","51527"
"280","Dominica","DMA",2022,"72000","20000","52000"
"281","Dominica","DMA",2023,"73000","20000","52000"
"282","Dominica","DMA",2024,"73000","20000","53000"
"283","Dominica","DMA",2025,"73000","20000","53000"
"284","Dominica","DMA",2026,"73000","20000","53000"
"285","Dominica","DMA",2027,"73000","20000","53000"
"286","Dominica","DMA",2028,"73000","19000","54000"
"287","Dominica","DMA",2029,"73000","19000","54000"
"288","Dominica","DMA",2030,"73000","19000","54000"
"289","Dominican Republic","DOM",2015,"10281675","2203774","8077901"
"290","Dominican Republic","DOM",2016,"10397738","2138191","8259547"
"291","Dominican Republic","DOM",2017,"10513111","2073501","8439610"
"292","Dominican Republic","DOM",2018,"10627147","2011294","8615853"
"293","Dominican Republic","DOM",2019,"10738957","1951483","8787474"
"294","Dominican Republic","DOM",2020,"10847904","1894044","8953860"
"295","Dominican Republic","DOM",2021,"10953714","1838800","9114914"
"296","Dominican Republic","DOM",2022,"11056000","1786000","9271000"
"297","Dominican Republic","DOM",2023,"11156000","1735000","9421000"
"298","Dominican Republic","DOM",2024,"11252000","1687000","9566000"
"299","Dominican Republic","DOM",2025,"11346000","1640000","9706000"
"300","Dominican Republic","DOM",2026,"11437000","1596000","9841000"
"301","Dominican Republic","DOM",2027,"11525000","1554000","9970000"
"302","Dominican Republic","DOM",2028,"11609000","1514000","10095000"
"303","Dominican Republic","DOM",2029,"11691000","1476000","10215000"
"304","Dominican Republic","DOM",2030,"11770000","1440000","10330000"
"305","Ecuador","ECU",2015,"16212022","5933924","10278098"
"306","Ecuador","ECU",2016,"16491116","6013650","10477466"
"307","Ecuador","ECU",2017,"16785356","6098120","10687236"
"308","Ecuador","ECU",2018,"17084359","6180950","10903409"
"309","Ecuador","ECU",2019,"17373657","6256949","11116708"
"310","Ecuador","ECU",2020,"17643060","6322214","11320846"
"311","Ecuador","ECU",2021,"17888474","6375273","11513201"
"312","Ecuador","ECU",2022,"18113000","6418000","11696000"
"313","Ecuador","ECU",2023,"18324000","6452000","11873000"
"314","Ecuador","ECU",2024,"18531000","6480000","12050000"
"315","Ecuador","ECU",2025,"18741000","6507000","12234000"
"316","Ecuador","ECU",2026,"18955000","6531000","12424000"
"317","Ecuador","ECU",2027,"19172000","6553000","12619000"
"318","Ecuador","ECU",2028,"19390000","6571000","12819000"
"319","Ecuador","ECU",2029,"19606000","6585000","13022000"
"320","Ecuador","ECU",2030,"19819000","6593000","13225000"
"321","El Salvador","SLV",2015,"6325121","1916512","4408609"
"322","El Salvador","SLV",2016,"6356137","1874997","4481140"
"323","El Salvador","SLV",2017,"6388124","1834989","4553135"
"324","El Salvador","SLV",2018,"6420740","1796330","4624410"
"325","El Salvador","SLV",2019,"6453550","1758851","4694699"
"326","El Salvador","SLV",2020,"6486201","1722476","4763725"
"327","El Salvador","SLV",2021,"6518500","1687118","4831382"
"328","El Salvador","SLV",2022,"6550000","1653000","4898000"
"329","El Salvador","SLV",2023,"6582000","1620000","4962000"
"330","El Salvador","SLV",2024,"6613000","1587000","5025000"
"331","El Salvador","SLV",2025,"6643000","1556000","5087000"
"332","El Salvador","SLV",2026,"6673000","1526000","5147000"
"333","El Salvador","SLV",2027,"6701000","1496000","5205000"
"334","El Salvador","SLV",2028,"6729000","1468000","5261000"
"335","El Salvador","SLV",2029,"6755000","1440000","5315000"
"336","El Salvador","SLV",2030,"6779000","1413000","5365000"
"337","Greenland","GRL",2015,"56114","7816","48298"
"338","Greenland","GRL",2016,"56186","7683","48503"
"339","Greenland","GRL",2017,"56171","7542","48629"
"340","Greenland","GRL",2018,"56023","7386","48637"
"341","Greenland","GRL",2019,"56225","7280","48945"
"342","Greenland","GRL",2020,"56367","7169","49198"
"343","Greenland","GRL",2021,"56653","7078","49575"
"344","Greenland","GRL",2022,"..","..",".."
"345","Greenland","GRL",2023,"..","..",".."
"346","Greenland","GRL",2024,"..","..",".."
"347","Greenland","GRL",2025,"..","..",".."
"348","Greenland","GRL",2026,"..","..",".."
"349","Greenland","GRL",2027,"..","..",".."
"350","Greenland","GRL",2028,"..","..",".."
"351","Greenland","GRL",2029,"..","..",".."
"352","Greenland","GRL",2030,"..","..",".."
"353","Grenada","GRD",2015,"109603","70149","39454"
"354","Grenada","GRD",2016,"110263","70489","39774"
"355","Grenada","GRD",2017,"110874","70778","40096"
"356","Grenada","GRD",2018,"111449","71024","40425"
"357","Grenada","GRD",2019,"112002","71238","40764"
"358","Grenada","GRD",2020,"112519","71408","41111"
"359","Grenada","GRD",2021,"113015","71545","41470"
"360","Grenada","GRD",2022,"113000","72000","42000"
"361","Grenada","GRD",2023,"114000","72000","42000"
"362","Grenada","GRD",2024,"114000","72000","43000"
"363","Grenada","GRD",2025,"115000","72000","43000"
"364","Grenada","GRD",2026,"115000","72000","43000"
"365","Grenada","GRD",2027,"115000","71000","44000"
"366","Grenada","GRD",2028,"115000","71000","44000"
"367","Grenada","GRD",2029,"116000","71000","45000"
"368","Grenada","GRD",2030,"116000","71000","45000"
"369","Guatemala","GTM",2015,"15567419","7788224","7779195"
"370","Guatemala","GTM",2016,"15827690","7863355","7964335"
"371","Guatemala","GTM",2017,"16087418","7934315","8153103"
"372","Guatemala","GTM",2018,"16346950","8001178","8345772"
"373","Guatemala","GTM",2019,"16604026","8063081","8540945"
"374","Guatemala","GTM",2020,"16858333","8119648","8738685"
"375","Guatemala","GTM",2021,"17109746","8170759","8938987"
"376","Guatemala","GTM",2022,"17422000","8246000","9175000"
"377","Guatemala","GTM",2023,"17733000","8317000","9416000"
"378","Guatemala","GTM",2024,"18044000","8383000","9661000"
"379","Guatemala","GTM",2025,"18354000","8444000","9911000"
"380","Guatemala","GTM",2026,"18663000","8499000","10164000"
"381","Guatemala","GTM",2027,"18971000","8549000","10422000"
"382","Guatemala","GTM",2028,"19276000","8593000","10683000"
"383","Guatemala","GTM",2029,"19579000","8631000","10948000"
"384","Guatemala","GTM",2030,"19881000","8663000","11217000"
"385","Guyana","GUY",2015,"767433","564516","202917"
"386","Guyana","GUY",2016,"771363","567091","204272"
"387","Guyana","GUY",2017,"775218","569491","205727"
"388","Guyana","GUY",2018,"779007","571744","207263"
"389","Guyana","GUY",2019,"782775","573860","208915"
"390","Guyana","GUY",2020,"786559","575871","210688"
"391","Guyana","GUY",2021,"790329","577754","212575"
"392","Guyana","GUY",2022,"794000","579000","215000"
"393","Guyana","GUY",2023,"798000","581000","217000"
"394","Guyana","GUY",2024,"801000","582000","219000"
"395","Guyana","GUY",2025,"805000","584000","221000"
"396","Guyana","GUY",2026,"809000","585000","224000"
"397","Guyana","GUY",2027,"812000","586000","226000"
"398","Guyana","GUY",2028,"815000","586000","229000"
"399","Guyana","GUY",2029,"819000","587000","232000"
"400","Guyana","GUY",2030,"822000","587000","235000"
"401","Haiti","HTI",2015,"10695540","5088189","5607351"
"402","Haiti","HTI",2016,"10839976","5051862","5788114"
"403","Haiti","HTI",2017,"10982367","5013890","5968477"
"404","Haiti","HTI",2018,"11123183","4974510","6148673"
"405","Haiti","HTI",2019,"11263079","4934130","6328949"
"406","Haiti","HTI",2020,"11402533","4893055","6509478"
"407","Haiti","HTI",2021,"11541683","4851662","6690021"
"408","Haiti","HTI",2022,"11680000","4810000","6870000"
"409","Haiti","HTI",2023,"11818000","4768000","7050000"
"410","Haiti","HTI",2024,"11954000","4725000","7229000"
"411","Haiti","HTI",2025,"12089000","4682000","7406000"
"412","Haiti","HTI",2026,"12221000","4639000","7582000"
"413","Haiti","HTI",2027,"12352000","4596000","7756000"
"414","Haiti","HTI",2028,"12480000","4552000","7928000"
"415","Haiti","HTI",2029,"12607000","4509000","8098000"
"416","Haiti","HTI",2030,"12733000","4466000","8267000"
"417","Honduras","HND",2015,"9112904","4085771","5027133"
"418","Honduras","HND",2016,"9270794","4096486","5174308"
"419","Honduras","HND",2017,"9429016","4105676","5323340"
"420","Honduras","HND",2018,"9587523","4113431","5474092"
"421","Honduras","HND",2019,"9746115","4119683","5626432"
"422","Honduras","HND",2020,"9904608","4124378","5780230"
"423","Honduras","HND",2021,"10062994","4127639","5935355"
"424","Honduras","HND",2022,"10221000","4129000","6092000"
"425","Honduras","HND",2023,"10379000","4130000","6249000"
"426","Honduras","HND",2024,"10536000","4128000","6408000"
"427","Honduras","HND",2025,"10692000","4125000","6567000"
"428","Honduras","HND",2026,"10847000","4121000","6726000"
"429","Honduras","HND",2027,"11000000","4115000","6886000"
"430","Honduras","HND",2028,"11152000","4107000","7045000"
"431","Honduras","HND",2029,"11302000","4098000","7204000"
"432","Honduras","HND",2030,"11449000","4087000","7363000"
"433","Jamaica","JAM",2015,"2891024","1305789","1585235"
"434","Jamaica","JAM",2016,"2906242","1304961","1601281"
"435","Jamaica","JAM",2017,"2920848","1303341","1617507"
"436","Jamaica","JAM",2018,"2934853","1300903","1633950"
"437","Jamaica","JAM",2019,"2948277","1297684","1650593"
"438","Jamaica","JAM",2020,"2961161","1293702","1667459"
"439","Jamaica","JAM",2021,"2973462","1288936","1684526"
"440","Jamaica","JAM",2022,"2985000","1283000","1702000"
"441","Jamaica","JAM",2023,"2996000","1277000","1719000"
"442","Jamaica","JAM",2024,"3006000","1270000","1736000"
"443","Jamaica","JAM",2025,"3015000","1262000","1754000"
"444","Jamaica","JAM",2026,"3024000","1253000","1771000"
"445","Jamaica","JAM",2027,"3031000","1243000","1788000"
"446","Jamaica","JAM",2028,"3038000","1232000","1805000"
"447","Jamaica","JAM",2029,"3043000","1221000","1822000"
"448","Jamaica","JAM",2030,"3048000","1209000","1839000"
"449","Mexico","MEX",2015,"121858251","25242937","96615314"
"450","Mexico","MEX",2016,"123333379","25188376","98145003"
"451","Mexico","MEX",2017,"124777326","25121419","99655907"
"452","Mexico","MEX",2018,"126190782","25041299","101149483"
"453","Mexico","MEX",2019,"127575529","24948670","102626859"
"454","Mexico","MEX",2020,"128932753","24844052","104088701"
"455","Mexico","MEX",2021,"130262220","24728980","105533240"
"456","Mexico","MEX",2022,"131563000","24602000","106961000"
"457","Mexico","MEX",2023,"132834000","24465000","108368000"
"458","Mexico","MEX",2024,"134074000","24318000","109756000"
"459","Mexico","MEX",2025,"135284000","24162000","111122000"
"460","Mexico","MEX",2026,"136462000","23994000","112468000"
"461","Mexico","MEX",2027,"137609000","23819000","113790000"
"462","Mexico","MEX",2028,"138725000","23633000","115092000"
"463","Mexico","MEX",2029,"139814000","23441000","116373000"
"464","Mexico","MEX",2030,"140876000","23243000","117633000"
"465","Nicaragua","NIC",2015,"6223234","2620293","3602941"
"466","Nicaragua","NIC",2016,"6303970","2641994","3661976"
"467","Nicaragua","NIC",2017,"6384843","2662543","3722300"
"468","Nicaragua","NIC",2018,"6465502","2681761","3783741"
"469","Nicaragua","NIC",2019,"6545503","2699365","3846138"
"470","Nicaragua","NIC",2020,"6624554","2715272","3909282"
"471","Nicaragua","NIC",2021,"6702379","2729410","3972969"
"472","Nicaragua","NIC",2022,"6779000","2742000","4037000"
"473","Nicaragua","NIC",2023,"6855000","2752000","4103000"
"474","Nicaragua","NIC",2024,"6931000","2762000","4170000"
"475","Nicaragua","NIC",2025,"7008000","2770000","4238000"
"476","Nicaragua","NIC",2026,"7085000","2777000","4308000"
"477","Nicaragua","NIC",2027,"7163000","2783000","4380000"
"478","Nicaragua","NIC",2028,"7241000","2787000","4454000"
"479","Nicaragua","NIC",2029,"7317000","2789000","4528000"
"480","Nicaragua","NIC",2030,"7392000","2789000","4602000"
"481","Panama","PAN",2015,"3968490","1321666","2646824"
"482","Panama","PAN",2015,"3968490","1321666","2646824"
"483","Panama","PAN",2016,"4037073","1331144","2705929"
"484","Panama","PAN",2016,"4037073","1331144","2705929"
"485","Panama","PAN",2017,"4106764","1340242","2766522"
"486","Panama","PAN",2017,"4106764","1340242","2766522"
"487","Panama","PAN",2018,"4176868","1348752","2828116"
"488","Panama","PAN",2018,"4176868","1348752","2828116"
"489","Panama","PAN",2019,"4246440","1356355","2890085"
"490","Panama","PAN",2019,"4246440","1356355","2890085"
"491","Panama","PAN",2020,"4314768","1362863","2951905"
"492","Panama","PAN",2020,"4314768","1362863","2951905"
"493","Panama","PAN",2021,"4381583","1368149","3013434"
"494","Panama","PAN",2021,"4381583","1368149","3013434"
"495","Panama","PAN",2022,"4447000","1372000","3075000"
"496","Panama","PAN",2022,"4447000","1372000","3075000"
"497","Panama","PAN",2023,"4511000","1375000","3136000"
"498","Panama","PAN",2023,"4511000","1375000","3136000"
"499","Panama","PAN",2024,"4574000","1377000","3197000"
"500","Panama","PAN",2024,"4574000","1377000","3197000"
"501","Panama","PAN",2025,"4635000","1378000","3257000"
"502","Panama","PAN",2025,"4635000","1378000","3257000"
"503","Panama","PAN",2026,"4696000","1378000","3318000"
"504","Panama","PAN",2026,"4696000","1378000","3318000"
"505","Panama","PAN",2027,"4755000","1377000","3378000"
"506","Panama","PAN",2027,"4755000","1377000","3378000"
"507","Panama","PAN",2028,"4814000","1375000","3439000"
"508","Panama","PAN",2028,"4814000","1375000","3439000"
"509","Panama","PAN",2029,"4871000","1372000","3499000"
"510","Panama","PAN",2029,"4871000","1372000","3499000"
"511","Panama","PAN",2030,"4928000","1369000","3559000"
"512","Panama","PAN",2030,"4928000","1369000","3559000"
"513","Paraguay","PRY",2015,"6688746","2625333","4063413"
"514","Paraguay","PRY",2016,"6777878","2641610","4136268"
"515","Paraguay","PRY",2017,"6867058","2657551","4209507"
"516","Paraguay","PRY",2018,"6956069","2672174","4283895"
"517","Paraguay","PRY",2019,"7044639","2685487","4359152"
"518","Paraguay","PRY",2020,"7132530","2697309","4435221"
"519","Paraguay","PRY",2021,"7219641","2707654","4511987"
"520","Paraguay","PRY",2022,"7306000","2716000","4589000"
"521","Paraguay","PRY",2023,"7391000","2724000","4667000"
"522","Paraguay","PRY",2024,"7475000","2729000","4746000"
"523","Paraguay","PRY",2025,"7558000","2733000","4825000"
"524","Paraguay","PRY",2026,"7639000","2735000","4904000"
"525","Paraguay","PRY",2027,"7719000","2736000","4983000"
"526","Paraguay","PRY",2028,"7797000","2734000","5063000"
"527","Paraguay","PRY",2029,"7874000","2731000","5143000"
"528","Paraguay","PRY",2030,"7950000","2727000","5223000"
"529","Peru","PER",2015,"30470739","6899489","23571250"
"530","Peru","PER",2016,"30926036","6946297","23979739"
"531","Peru","PER",2017,"31444299","7005790","24438509"
"532","Peru","PER",2018,"31989265","7067388","24921877"
"533","Peru","PER",2019,"32510462","7120116","25390346"
"534","Peru","PER",2020,"32971846","7155880","25815966"
"535","Peru","PER",2021,"33359416","7172274","26187142"
"536","Peru","PER",2022,"33684000","7172000","26512000"
"537","Peru","PER",2023,"33966000","7159000","26807000"
"538","Peru","PER",2024,"34236000","7142000","27094000"
"539","Peru","PER",2025,"34518000","7124000","27394000"
"540","Peru","PER",2026,"34815000","7106000","27709000"
"541","Peru","PER",2027,"35120000","7087000","28033000"
"542","Peru","PER",2028,"35429000","7066000","28363000"
"543","Peru","PER",2029,"35735000","7042000","28693000"
"544","Peru","PER",2030,"36031000","7013000","29018000"
"545","Puerto Rico","PRI",2015,"3473232","221453","3251779"
"546","Puerto Rico","PRI",2016,"3406672","217959","3188713"
"547","Puerto Rico","PRI",2017,"3325286","213251","3112035"
"548","Puerto Rico","PRI",2018,"3193354","205077","2988277"
"549","Puerto Rico","PRI",2019,"3193694","205163","2988531"
"550","Puerto Rico","PRI",2020,"3281538","210642","3070896"
"551","Puerto Rico","PRI",2021,"3263584","209130","3054454"
"552","Puerto Rico","PRI",2022,"3281000","210000","3072000"
"553","Puerto Rico","PRI",2023,"3309000","211000","3099000"
"554","Puerto Rico","PRI",2024,"3336000","211000","3125000"
"555","Puerto Rico","PRI",2025,"3352000","211000","3141000"
"556","Puerto Rico","PRI",2026,"3357000","210000","3147000"
"557","Puerto Rico","PRI",2027,"3352000","208000","3144000"
"558","Puerto Rico","PRI",2028,"3340000","206000","3135000"
"559","Puerto Rico","PRI",2029,"3323000","202000","3121000"
"560","Puerto Rico","PRI",2030,"3303000","199000","3104000"
"561","Sint Maarten (Dutch part)","SXM",2015,"38825","0","38825"
"562","Sint Maarten (Dutch part)","SXM",2016,"39969","0","39969"
"563","Sint Maarten (Dutch part)","SXM",2017,"40574","0","40574"
"564","Sint Maarten (Dutch part)","SXM",2018,"40895","0","40895"
"565","Sint Maarten (Dutch part)","SXM",2019,"41608","0","41608"
"566","Sint Maarten (Dutch part)","SXM",2020,"42310","0","42310"
"567","Sint Maarten (Dutch part)","SXM",2021,"42846","0","42846"
"568","Sint Maarten (Dutch part)","SXM",2022,"..","..",".."
"569","Sint Maarten (Dutch part)","SXM",2023,"..","..",".."
"570","Sint Maarten (Dutch part)","SXM",2024,"..","..",".."
"571","Sint Maarten (Dutch part)","SXM",2025,"..","..",".."
"572","Sint Maarten (Dutch part)","SXM",2026,"..","..",".."
"573","Sint Maarten (Dutch part)","SXM",2027,"..","..",".."
"574","Sint Maarten (Dutch part)","SXM",2028,"..","..",".."
"575","Sint Maarten (Dutch part)","SXM",2029,"..","..",".."
"576","Sint Maarten (Dutch part)","SXM",2030,"..","..",".."
"577","St. Kitts and Nevis","KNA",2015,"51204","35419","15785"
"578","St. Kitts and Nevis","KNA",2016,"51629","35732","15897"
"579","St. Kitts and Nevis","KNA",2017,"52036","36023","16013"
"580","St. Kitts and Nevis","KNA",2018,"52438","36300","16138"
"581","St. Kitts and Nevis","KNA",2019,"52834","36562","16272"
"582","St. Kitts and Nevis","KNA",2020,"53192","36786","16406"
"583","St. Kitts and Nevis","KNA",2021,"53546","36997","16549"
"584","St. Kitts and Nevis","KNA",2022,"54000","37000","17000"
"585","St. Kitts and Nevis","KNA",2023,"54000","37000","17000"
"586","St. Kitts and Nevis","KNA",2024,"54000","37000","17000"
"587","St. Kitts and Nevis","KNA",2025,"55000","38000","17000"
"588","St. Kitts and Nevis","KNA",2026,"55000","38000","17000"
"589","St. Kitts and Nevis","KNA",2027,"55000","38000","18000"
"590","St. Kitts and Nevis","KNA",2028,"55000","38000","18000"
"591","St. Kitts and Nevis","KNA",2029,"56000","38000","18000"
"592","St. Kitts and Nevis","KNA",2030,"56000","38000","18000"
"593","St. Lucia","LCA",2015,"179131","145965","33166"
"594","St. Lucia","LCA",2016,"180028","146618","33410"
"595","St. Lucia","LCA",2017,"180955","147276","33679"
"596","St. Lucia","LCA",2018,"181890","147917","33973"
"597","St. Lucia","LCA",2019,"182795","148514","34281"
"598","St. Lucia","LCA",2020,"183629","149031","34598"
"599","St. Lucia","LCA",2021,"184401","149475","34926"
"600","St. Lucia","LCA",2022,"185000","150000","35000"
"601","St. Lucia","LCA",2023,"186000","150000","36000"
"602","St. Lucia","LCA",2024,"186000","150000","36000"
"603","St. Lucia","LCA",2025,"187000","151000","36000"
"604","St. Lucia","LCA",2026,"187000","151000","37000"
"605","St. Lucia","LCA",2027,"188000","151000","37000"
"606","St. Lucia","LCA",2028,"188000","151000","38000"
"607","St. Lucia","LCA",2029,"188000","150000","38000"
"608","St. Lucia","LCA",2030,"189000","150000","38000"
"609","St. Martin (French part)","MAF",2015,"35865","..",".."
"610","St. Martin (French part)","MAF",2016,"36061","..",".."
"611","St. Martin (French part)","MAF",2017,"36569","..",".."
"612","St. Martin (French part)","MAF",2018,"37264","..",".."
"613","St. Martin (French part)","MAF",2019,"38002","..",".."
"614","St. Martin (French part)","MAF",2020,"38659","..",".."
"615","St. Martin (French part)","MAF",2021,"39239","..",".."
"616","St. Martin (French part)","MAF",2022,"..","..",".."
"617","St. Martin (French part)","MAF",2023,"..","..",".."
"618","St. Martin (French part)","MAF",2024,"..","..",".."
"619","St. Martin (French part)","MAF",2025,"..","..",".."
"620","St. Martin (French part)","MAF",2026,"..","..",".."
"621","St. Martin (French part)","MAF",2027,"..","..",".."
"622","St. Martin (French part)","MAF",2028,"..","..",".."
"623","St. Martin (French part)","MAF",2029,"..","..",".."
"624","St. Martin (French part)","MAF",2030,"..","..",".."
"625","St. Vincent and the Grenadines","VCT",2015,"109135","53515","55620"
"626","St. Vincent and the Grenadines","VCT",2016,"109467","53231","56236"
"627","St. Vincent and the Grenadines","VCT",2017,"109826","52954","56872"
"628","St. Vincent and the Grenadines","VCT",2018,"110210","52683","57527"
"629","St. Vincent and the Grenadines","VCT",2019,"110593","52406","58187"
"630","St. Vincent and the Grenadines","VCT",2020,"110947","52110","58837"
"631","St. Vincent and the Grenadines","VCT",2021,"111269","51793","59476"
"632","St. Vincent and the Grenadines","VCT",2022,"112000","51000","60000"
"633","St. Vincent and the Grenadines","VCT",2023,"112000","51000","61000"
"634","St. Vincent and the Grenadines","VCT",2024,"112000","51000","61000"
"635","St. Vincent and the Grenadines","VCT",2025,"112000","50000","62000"
"636","St. Vincent and the Grenadines","VCT",2026,"112000","50000","63000"
"637","St. Vincent and the Grenadines","VCT",2027,"113000","50000","63000"
"638","St. Vincent and the Grenadines","VCT",2028,"113000","49000","64000"
"639","St. Vincent and the Grenadines","VCT",2029,"113000","49000","64000"
"640","St. Vincent and the Grenadines","VCT",2030,"113000","48000","65000"
"641","Suriname","SUR",2015,"559136","189793","369343"
"642","Suriname","SUR",2016,"564883","191834","373049"
"643","Suriname","SUR",2017,"570501","193736","376765"
"644","Suriname","SUR",2018,"575987","195490","380497"
"645","Suriname","SUR",2019,"581363","197111","384252"
"646","Suriname","SUR",2020,"586634","198581","388053"
"647","Suriname","SUR",2021,"591798","199915","391883"
"648","Suriname","SUR",2022,"597000","201000","396000"
"649","Suriname","SUR",2023,"602000","202000","400000"
"650","Suriname","SUR",2024,"607000","203000","404000"
"651","Suriname","SUR",2025,"611000","204000","407000"
"652","Suriname","SUR",2026,"616000","204000","411000"
"653","Suriname","SUR",2027,"620000","205000","415000"
"654","Suriname","SUR",2028,"624000","205000","419000"
"655","Suriname","SUR",2029,"628000","205000","424000"
"656","Suriname","SUR",2030,"632000","205000","428000"
"657","Trinidad and Tobago","TTO",2015,"1370332","639685","730647"
"658","Trinidad and Tobago","TTO",2016,"1377563","644011","733552"
"659","Trinidad and Tobago","TTO",2017,"1384060","647671","736389"
"660","Trinidad and Tobago","TTO",2018,"1389841","650668","739173"
"661","Trinidad and Tobago","TTO",2019,"1394969","653027","741942"
"662","Trinidad and Tobago","TTO",2020,"1399491","654766","744725"
"663","Trinidad and Tobago","TTO",2021,"1403374","655867","747507"
"664","Trinidad and Tobago","TTO",2022,"1407000","656000","750000"
"665","Trinidad and Tobago","TTO",2023,"1409000","656000","753000"
"666","Trinidad and Tobago","TTO",2024,"1411000","655000","756000"
"667","Trinidad and Tobago","TTO",2025,"1413000","654000","759000"
"668","Trinidad and Tobago","TTO",2026,"1414000","652000","762000"
"669","Trinidad and Tobago","TTO",2027,"1414000","649000","765000"
"670","Trinidad and Tobago","TTO",2028,"1414000","646000","768000"
"671","Trinidad and Tobago","TTO",2029,"1414000","643000","771000"
"672","Trinidad and Tobago","TTO",2030,"1413000","639000","775000"
"673","Turks and Caicos Islands","TCA",2015,"35979","2808","33171"
"674","Turks and Caicos Islands","TCA",2016,"36558","2736","33822"
"675","Turks and Caicos Islands","TCA",2017,"37116","2666","34450"
"676","Turks and Caicos Islands","TCA",2018,"37667","2600","35067"
"677","Turks and Caicos Islands","TCA",2019,"38194","2536","35658"
"678","Turks and Caicos Islands","TCA",2020,"38718","2476","36242"
"679","Turks and Caicos Islands","TCA",2021,"39226","2419","36807"
"680","Turks and Caicos Islands","TCA",2022,"40000","2400","37000"
"681","Turks and Caicos Islands","TCA",2023,"40000","2300","38000"
"682","Turks and Caicos Islands","TCA",2024,"41000","2300","38000"
"683","Turks and Caicos Islands","TCA",2025,"41000","2200","39000"
"684","Turks and Caicos Islands","TCA",2026,"42000","2200","40000"
"685","Turks and Caicos Islands","TCA",2027,"42000","2100","40000"
"686","Turks and Caicos Islands","TCA",2028,"43000","2100","41000"
"687","Turks and Caicos Islands","TCA",2029,"43000","2100","41000"
"688","Turks and Caicos Islands","TCA",2030,"44000","2000","42000"
"689","Uruguay","URY",2015,"3412013","169065","3242948"
"690","Uruguay","URY",2016,"3424139","166276","3257863"
"691","Uruguay","URY",2017,"3436645","163584","3273061"
"692","Uruguay","URY",2018,"3449290","160944","3288346"
"693","Uruguay","URY",2019,"3461731","158340","3303391"
"694","Uruguay","URY",2020,"3473727","155797","3317930"
"695","Uruguay","URY",2021,"3485152","153242","3331910"
"696","Uruguay","URY",2022,"3496000","151000","3345000"
"697","Uruguay","URY",2023,"3506000","148000","3358000"
"698","Uruguay","URY",2024,"3516000","146000","3371000"
"699","Uruguay","URY",2025,"3526000","143000","3383000"
"700","Uruguay","URY",2026,"3536000","141000","3394000"
"701","Uruguay","URY",2027,"3545000","139000","3406000"
"702","Uruguay","URY",2028,"3553000","137000","3417000"
"703","Uruguay","URY",2029,"3562000","134000","3427000"
"704","Uruguay","URY",2030,"3569000","132000","3437000"
"705","Venezuela, RB","VEN",2015,"30081827","3563493","26518334"
"706","Venezuela, RB","VEN",2016,"29851249","3532895","26318354"
"707","Venezuela, RB","VEN",2017,"29402480","3474491","25927989"
"708","Venezuela, RB","VEN",2018,"28887117","3406369","25480748"
"709","Venezuela, RB","VEN",2019,"28515829","3353461","25162368"
"710","Venezuela, RB","VEN",2020,"28435943","3332977","25102966"
"711","Venezuela, RB","VEN",2021,"28704947","3351303","25353644"
"712","Venezuela, RB","VEN",2022,"29267000","3401000","25866000"
"713","Venezuela, RB","VEN",2023,"30017000","3471000","26546000"
"714","Venezuela, RB","VEN",2024,"30794000","3540000","27254000"
"715","Venezuela, RB","VEN",2025,"31481000","3596000","27885000"
"716","Venezuela, RB","VEN",2026,"32049000","3635000","28414000"
"717","Venezuela, RB","VEN",2027,"32528000","3661000","28867000"
"718","Venezuela, RB","VEN",2028,"32932000","3676000","29256000"
"719","Venezuela, RB","VEN",2029,"33290000","3683000","29607000"
"720","Venezuela, RB","VEN",2030,"33626000","3685000","29941000"
"721","Virgin Islands (U.S.)","VIR",2015,"107712","5009","102703"
"722","Virgin Islands (U.S.)","VIR",2016,"107516","4860","102656"
"723","Virgin Islands (U.S.)","VIR",2017,"107281","4717","102564"
"724","Virgin Islands (U.S.)","VIR",2018,"107001","4579","102422"
"725","Virgin Islands (U.S.)","VIR",2019,"106669","4446","102223"
"726","Virgin Islands (U.S.)","VIR",2020,"106290","4316","101974"
"727","Virgin Islands (U.S.)","VIR",2021,"105870","4192","101678"
"728","Virgin Islands (U.S.)","VIR",2022,"106000","4100","101000"
"729","Virgin Islands (U.S.)","VIR",2023,"105000","4000","101000"
"730","Virgin Islands (U.S.)","VIR",2024,"105000","3900","101000"
"731","Virgin Islands (U.S.)","VIR",2025,"104000","3800","101000"
"732","Virgin Islands (U.S.)","VIR",2026,"104000","3700","100000"
"733","Virgin Islands (U.S.)","VIR",2027,"103000","3600","100000"
"734","Virgin Islands (U.S.)","VIR",2028,"103000","3500","99000"
"735","Virgin Islands (U.S.)","VIR",2029,"102000","3400","99000"
"736","Virgin Islands (U.S.)","VIR",2030,"102000","3300","98000"
